添付ファイル,使用する記事,説明,esa添付URL（掲載時に記入）
assets/batch-guide.gif,detailed.md,一括保存を開いて、形式と保存先を確認して保存する操作ガイドGIF,
assets/batch-guide.jpg,,GIFの再生前の静止画,
assets/batch-targets.jpg,detailed.md,チェックした画像だけが一括保存の対象になる画像一覧の拡大,
assets/calibration-controls.jpg,detailed.md / quick.md,基準線を測った後、既知の長さと単位を設定する操作部 / 測定距離、既知の長さ、単位、校正ボタンを拡大,
assets/calibration-guide.gif,detailed.md / quick.md,測定する両端と校正ボタンを、カーソルの動きで示す操作ガイドGIF / 基準線の両端をクリックして、既知の長さで校正する操作ガイドGIF,
assets/calibration-guide.jpg,,GIFの再生前の静止画,
assets/color-custom.jpg,detailed.md,色パネル下部のカラーピッカーとカラーコードを拡大,
assets/color-popup.jpg,detailed.md,スケールバーの線色を選ぶ色パネルの拡大,
assets/crop-controls.jpg,detailed.md,トリミングの縦横比・適用方法・範囲設定の拡大,
assets/crop-guide.gif,detailed.md,縦横比と適用方法を選び、範囲を適用する操作ガイドGIF,
assets/crop-guide.jpg,,GIFの再生前の静止画,
assets/crop-preview.jpg,detailed.md,残す範囲を確認するトリミング枠と補助線の拡大,
assets/image-list.jpg,detailed.md / quick.md,画像を開くボタンと画像一覧を拡大した画像 / 画像を開くボタン、サンプル、画像一覧の拡大,
assets/label-controls.jpg,detailed.md,パネルラベルの種別・連番の例・適用ボタンの拡大,
assets/labels-guide.gif,detailed.md,ラベルの形式を選び、適用して次の画像を確認する操作ガイドGIF,
assets/labels-guide.jpg,,GIFの再生前の静止画,
assets/overview.jpg,detailed.md,MiFiToの全体画面。左の画像一覧と設定、右の処理後プレビュー,
assets/project-controls.jpg,detailed.md / quick.md,元画像と設定をまとめて保存・再開する上部のボタン / 元画像と編集状態をまとめて保存・再開する上部のボタンの拡大,
assets/reference-line.jpg,detailed.md,サンプルの5 µmの基準線と、測定した両端を拡大,
assets/save-popup.jpg,detailed.md / quick.md,一括保存の形式・保存先・対象枚数を確認するダイアログ / 保存形式・設定JSON・保存先・対象枚数を確認する一括保存画面の拡大,
assets/scale-controls.jpg,detailed.md / quick.md,スケールバーの長さ・単位・位置・色を設定する部分 / スケールバーの長さ・単位・位置・文字サイズ・色の設定部分の拡大,
assets/settings-menu.jpg,detailed.md,設定だけを保存するメニューの拡大,
