X / nm,Y / nm,Diameter / nm,Ellipticity
2623.29163,597.558183,170.275881,1.09247137
2429.54559,1507.75422,244.812579,1.17554798
3859.54272,675.486695,217.414683,0.854416398
3138.46413,2311.93073,90.9109284,1.0901877
3799.28861,2887.75248,242.623532,1.12954033
1630.49662,756.615063,264.543867,1.08670906
1449.5832,331.945554,189.729146,0.90522783
1351.79797,2402.30885,120.921005,1.11172383
1521.06509,2028.09945,220.616693,1.10725858
1594.64051,327.24189,114.907292,0.95907339
2922.4798,2886.06019,181.065096,1.02652412
3639.08952,1329.71715,163.000432,1.00996524
2017.10644,1954.86674,120.82331,1.00607932
1159.2478,835.03833,136.457674,0.96058651
494.141112,1140.75397,156.962778,0.890529245
1761.51485,2624.67045,232.611112,0.97648401
1352.48631,1178.096,127.521946,1.03817933
3658.19902,2192.23598,231.275974,0.825172326
2575.19145,2291.81211,187.351864,1.14183889
754.177413,1034.76217,128.105943,1.13293567
323.643022,1450.34381,160.966055,0.827056164
2616.37918,289.478751,304.049526,0.983489108
2773.98625,993.480933,133.487052,1.08609538
1846.27794,2370.20388,211.679201,0.961006788
3642.3039,2171.32092,218.856972,1.12288935
3427.94403,407.80165,117.144298,0.851004258
783.825607,2510.09351,219.932502,0.828151153
586.219825,1490.78031,296.732648,1.04073588
3381.48573,2058.22774,232.39304,1.10928506
2182.84751,2660.03595,274.528666,0.923426721
2445.42515,580.178995,169.639214,0.835955259
245.257585,2548.86904,172.046566,1.03450751
3682.29933,1397.92862,89.1492449,1.0516825
2482.1091,2516.9083,196.13348,0.826160496
3006.41009,1857.25652,119.398824,1.10567738
3744.6689,480.234642,162.076158,1.14489013
3861.97535,909.638731,295.317823,0.890239375
1158.75072,2203.60948,192.069486,1.04094976
3760.75609,2677.94737,113.134753,1.15254903
1406.2777,1296.49281,173.624266,0.950327729
1835.06902,665.068055,122.91554,1.0864085
1718.93667,1921.37847,139.119522,0.874503828
2048.35135,1095.55277,151.647571,1.0335412
3077.98712,908.825333,139.501881,0.965910229
957.377284,1260.46828,85.8537271,0.821083908
2940.1074,2616.21893,182.211259,0.883524509
3689.58999,1477.34888,194.69477,0.946483413
1860.07033,1942.72928,262.190157,1.11968323
1047.57338,2548.88963,280.35341,0.950197538
3653.07886,1468.70454,137.507319,1.16116522
2148.17794,777.349718,167.833734,1.0290651
2241.7598,2471.81715,155.945009,1.04136608
2031.48361,1362.32813,181.871236,0.867253407
1965.14021,2618.81041,215.025464,1.13432493
3407.53677,2276.00938,242.832475,1.08969498
1869.06238,2651.74284,178.31542,1.09128463
3216.76466,441.306211,190.300708,1.13187917
1264.97627,1009.0043,123.960009,1.12334274
410.063716,2446.01399,144.588163,1.00252095
1405.70113,1387.35315,164.532314,0.822157952
3621.82891,1553.72248,172.223134,1.0222104
2909.73836,2090.86538,158.687921,1.08157662
2753.81342,547.778035,154.026623,1.12445732
1853.76293,1698.61805,184.523153,0.86687652
1913.67305,1426.79657,161.309928,1.03161231
1134.53108,995.614079,312.153371,1.02691587
534.128881,628.235631,144.047176,0.97303564
635.058899,1810.85852,189.331727,1.10359257
764.489252,1166.14596,175.268233,0.969770561
1274.74228,1202.22366,176.353306,0.824940651
1152.97329,2452.09533,227.760704,1.16144389
2562.77567,1713.51044,343.98181,1.00603898
335.217261,715.057664,342.891276,1.0008229
2737.76558,2737.75238,302.947328,1.10460856
1419.65785,1679.67388,112.588637,0.910356797
1951.64092,2760.38207,134.534517,1.02521101
3850.32248,370.121393,111.85805,1.0629548
3433.39672,1437.97456,260.099846,0.918689956
2330.39295,1492.1262,201.29533,1.13237889
2280.23311,2849.21189,178.52941,1.1348598
3867.65362,2614.29996,145.54886,1.04299341
3877.11834,873.711526,158.629601,1.0800047
343.000696,2355.14153,485.337437,1.06746487
3475.13484,1295.19106,176.250971,1.01159309
3861.29859,1054.50827,191.296464,1.01259281
3768.59987,399.246132,207.735278,1.05922258
208.545469,750.489247,185.576482,1.16826345
3273.85249,2889.52088,192.661954,1.12052713
881.579067,595.366926,267.434796,1.12003756
470.98012,1160.39019,224.061631,1.05326394
925.246668,1478.63179,236.403391,1.12821717
2025.23749,2668.4718,204.625875,1.06381401
474.39924,243.276442,80.4954743,0.958266285
1840.00852,2317.06929,150.260053,0.846718498
1444.6579,888.970352,151.571663,1.12458672
3782.74576,2117.22157,100.068786,1.10458914
2959.27752,2451.80311,211.883115,1.17976292
2156.34651,2876.73046,216.925246,1.17706514
3064.68663,758.78724,191.285503,0.895589241
709.182723,2844.34099,185.860483,0.931790862
2647.37522,2033.49799,193.161171,1.14123252
2922.81953,1669.20697,186.858342,0.858768543
415.621633,1145.43322,281.840059,1.03937321
498.084429,1025.94167,254.220746,0.849853741
1588.25026,2526.02384,236.015269,1.01027287
1144.30866,2370.28405,220.133436,0.987720526
3808.8009,2370.31829,317.49492,1.13750462
2831.97906,913.075237,259.278992,1.0251014
2520.48856,1711.51983,181.505574,0.873907223
1091.88738,850.470595,196.277124,0.898133257
2078.11825,923.106052,108.451609,1.12745901
2856.77318,467.588558,286.38993,1.14001549
1375.43168,1230.59777,102.029202,1.0972356
1009.18503,1343.52229,237.539152,1.17739318
625.729475,1202.13799,219.074667,1.01099124
3137.22788,1494.2217,159.435493,0.920657111
3246.21564,837.650682,124.191164,0.89106529
3849.74074,812.444266,128.523235,1.11388356
1441.91829,2561.5305,218.147079,0.969579147
1544.77049,1057.12083,155.752884,0.943384069
3788.27401,1129.76127,178.376747,1.02866413
1884.35581,2790.0794,127.2494,1.03840799
2943.25895,464.319604,196.77078,1.13376092
2774.96362,2336.80399,104.652818,1.16884925
3705.67748,2447.85251,199.554287,0.979718732
2053.74714,1909.39408,203.447086,1.06482091
1992.22423,2823.12658,151.684106,1.01873588
2187.2392,2465.64703,193.824719,1.09582071
2078.61526,919.169556,273.667256,0.884583624
1708.06299,498.937542,245.320408,1.13740056
1571.82338,1244.93395,118.265538,1.10700475
2073.84315,2055.5381,133.711296,1.14049836
961.221073,270.845924,266.668603,1.14051413
749.131904,2292.41882,230.451076,1.10999165
3203.57086,2051.01996,320.836386,0.989763056
3654.49736,1079.60517,111.102178,0.873325473
1743.00096,2488.54229,227.507796,0.865191894
1530.94802,182.710127,207.796756,0.918773078
374.43085,782.545727,382.072633,0.874064464
584.977792,1254.77529,139.972897,0.973203636
2900.71826,1378.16093,109.926678,1.0052836
612.230562,2568.65503,195.835049,0.915136116
805.937643,243.318853,172.864311,1.00369773
1626.19029,2297.14572,285.734198,0.996342429
3296.91512,1482.24087,218.211933,0.971892377
3766.38244,721.937868,218.490523,1.17450578
3002.37413,2418.37683,174.86007,1.00556636
3389.92522,386.164999,148.597914,0.923317496
1947.91066,1468.12784,251.332552,1.14374618
3322.09638,1010.3413,178.576321,0.99686047
2498.50779,2734.99614,296.67861,1.0867697
1473.70757,2855.81367,221.744627,1.12023392
3070.7723,834.759153,243.249202,1.04134618
1997.74585,474.355947,174.278544,1.07643292
2299.40194,2826.53131,121.609894,1.04652358
2635.35945,820.340033,281.385992,1.08642095
1722.66584,915.477924,187.694549,1.09573192
725.327757,2682.44376,173.131079,0.843382294
1058.63133,2549.97993,139.394135,1.00717779
2320.17462,2227.04945,145.426904,0.903480622
342.318919,402.580139,120.727306,0.888829289
2087.30497,220.344091,274.951849,1.14204025
2204.65037,2757.25986,227.322668,0.890052349
1475.18763,2060.13859,181.521478,1.11435556
259.417151,2252.57194,265.426743,0.862848226
1951.91076,639.810789,177.226733,1.15954043
825.239936,1561.85632,176.111466,1.06942433
494.416011,291.460401,188.926822,0.986313771
3523.22725,627.320921,278.10159,1.03894003
1357.71778,2604.60115,147.587555,0.965845846
1903.26566,2518.03914,232.413382,1.11999497
1604.52426,2563.2107,211.710216,0.912476358
479.68516,609.746713,217.416137,0.88492734
2593.01838,313.237498,205.13094,0.955515551
600.255467,2885.95645,160.420325,0.859655652
3506.63275,332.076238,144.300741,1.06643432
2680.08669,1358.03481,282.400295,1.14813209
3485.52068,897.162447,201.981464,1.08846678
1941.38166,1612.54249,258.63052,1.15226483
2978.3267,1961.7972,88.1691778,1.04233844
2221.27687,1001.37721,115.98402,1.01675149
3656.83116,980.646644,195.041992,0.885273271
802.099833,1828.19182,194.103527,0.952488987
315.829237,1732.0165,167.119735,1.01850687
1614.74482,2532.30427,152.380548,1.05602619
595.683056,548.149009,265.741757,0.995756383
695.028515,662.788469,174.824462,0.853719704
192.436945,1341.45001,199.481561,1.15746532
367.480167,2744.63405,254.972291,0.946017713
698.30848,967.11835,95.2947928,1.06331092
